{
  "actorSpecification": 1,
  "name": "stockx-product-extractor",
  "title": "StockX Product Data Extractor",
  "description": "Extract comprehensive product data from StockX with size validation, missing size detection, and automatic proxy rotation. Perfect for e-commerce businesses managing large sneaker inventories.",
  "version": "1.0.0",
  "meta": {
    "templateId": "js-crawlee-playwright-chrome"
  },
  "input": "./input_schema.json",
  "dockerfile": "./Dockerfile",
  "readme": "./README.md",
  "categories": [
    "ECOMMERCE"
  ],
  "storages": {
    "dataset": {
      "actorSpecification": 1,
      "title": "StockX Products",
      "description": "Extracted product data with variants and size validation",
      "views": {
        "overview": {
          "title": "Product Overview",
          "transformation": {
            "fields": [
              "title",
              "brand",
              "styleCode",
              "retailPrice",
              "releaseDate",
              "sizeValidation.totalAvailable",
              "sizeValidation.totalExpected",
              "sizeValidation.completeness"
            ]
          },
          "display": {
            "component": "table",
            "properties": {}
          }
        }
      }
    }
  }
}
