{
  "title": "StockX Product Extractor Input",
  "type": "object",
  "schemaVersion": 1,
  "properties": {
    "startUrls": {
      "title": "Start URLs",
      "type": "array",
      "description": "List of StockX product URLs to scrape. Each URL should point to a single product page.",
      "prefill": [
        { "url": "https://stockx.com/adidas-yeezy-500-stone-salt-infants" },
        { "url": "https://stockx.com/air-jordan-1-retro-high-og-chicago-lost-found-2022" },
        { "url": "https://stockx.com/new-balance-990v6-made-in-usa-grey" }
      ],
      "editor": "requestListSources"
    },
    "maxRequestsPerCrawl": {
      "title": "Max requests per crawl",
      "type": "integer",
      "description": "Maximum number of pages to scrape. Use 0 for unlimited.",
      "default": 100,
      "minimum": 0,
      "maximum": 10000
    },
    "validateSizes": {
      "title": "Validate sizes",
      "type": "boolean",
      "description": "Enable size chart validation to detect missing sizes for each brand.",
      "default": true,
      "editor": "checkbox"
    },
    "includeMissingSizes": {
      "title": "Include missing sizes",
      "type": "boolean",
      "description": "Add missing sizes to the output data. Only works if size validation is enabled.",
      "default": true,
      "editor": "checkbox"
    },
    "proxyConfiguration": {
      "title": "Proxy configuration",
      "type": "object",
      "description": "Proxy settings for requests. Apify Proxy is highly recommended to avoid blocking.",
      "prefill": {
        "useApifyProxy": true,
        "apifyProxyGroups": ["RESIDENTIAL"]
      },
      "default": {
        "useApifyProxy": true
      },
      "editor": "proxy"
    }
  },
  "required": ["startUrls"]
}
